代號,名稱,市場
1336,台翰,櫃
1471,首利,市
1582,信錦,市
1595,川寶,櫃
1815,富喬,櫃
2059,川湖,市
2308,台達電,市
2313,華通,市
2316,楠梓電,市
2327,國巨*,市
2328,廣宇,市
2355,敬鵬,市
2367,燿華,市
2368,金像電,市
2375,凱美,市
2383,台光電,市
2385,群光,市
2392,正崴,市
2402,毅嘉,市
2413,環科,市
2415,錩新,市
2420,新巨,市
2421,建準,市
2428,興勤,市
2431,聯昌,市
2440,太空梭,市
2457,飛宏,市
2460,建通,市
2462,良得電,市
2467,志聖,市
2472,立隆電,市
2476,鉅祥,市
2478,大毅,市
2483,百容,市
2484,希華,市
2492,華新科,市
2493,揚博,市
3003,健和興,市
3011,今皓,市
3015,全漢,市
3021,鴻名,市
3023,信邦,市
3026,禾伸堂,市
3032,偉訓,市
3037,欣興,市
3042,晶技,市
3044,健鼎,市
3058,立德,市
3078,僑威,櫃
3090,日電貿,市
3092,鴻碩,市
3114,好德,櫃
3115,富榮綱,櫃
3191,雲嘉南,櫃
3206,志豐,櫃
3207,耀勝,櫃
3217,優群,櫃
3229,晟鈦,市
3236,千如,櫃
3276,宇環,櫃
3288,點晶,櫃
3290,東浦,櫃
3294,英濟,櫃
3296,勝德,市
3308,聯德,市
3310,佳穎,櫃
3321,同泰,市
3322,建舜電,櫃
3332,幸康,櫃
3338,泰碩,市
3354,律勝,櫃
3357,臺慶科,櫃
3376,新日興,市
3388,崇越電,櫃
3390,旭軟,櫃
3432,台端,市
3484,崧騰,櫃
3492,長盛,櫃
3501,維熹,市
3511,矽瑪,櫃
3520,華盈,櫃
3526,凡甲,櫃
3533,嘉澤,市
3537,堡達,櫃
3548,兆利,櫃
3550,聯穎,市
3593,力銘,市
3597,映興,櫃
3605,宏致,市
3607,谷崧,市
3609,三一東林,櫃
3624,光頡,櫃
3631,晟楠,櫃
3645,達邁,市
3646,艾恩特,櫃
3653,健策,市
3679,新至陞,市
3689,湧德,櫃
3710,連展投控,櫃
3715,定穎投控,市
4542,科嶠,櫃
4545,銘鈺,市
4912,聯德控股-KY,市
4915,致伸,市
4927,泰鼎-KY,市
4939,亞電,櫃
4943,康控-KY,市
4958,臻鼎-KY,市
4974,亞泰,櫃
4989,榮科,市
4999,鑫禾,市
5227,立凱-KY,櫃
5228,鈺鎧,櫃
5291,邑昇,櫃
5309,系統電,櫃
5328,華容,櫃
5340,建榮,櫃
5355,佳總,櫃
5381,光譜,櫃
5439,高技,櫃
5457,宣德,櫃
5460,同協,櫃
5464,霖宏,櫃
5469,瀚宇博,市
5475,德宏,櫃
5488,松普,櫃
5498,凱崴,櫃
6108,競國,市
6114,久威,櫃
6115,鎰勝,市
6124,業強,櫃
6126,信音,櫃
6127,九豪,櫃
6133,金橋,市
6134,萬旭,櫃
6141,柏承,市
6153,嘉聯益,市
6155,鈞寶,市
6156,松上,櫃
6158,禾昌,櫃
6173,信昌電,櫃
6174,安碁,櫃
6175,立敦,櫃
6185,幃翔,櫃
6191,精成科,市
6194,育富,櫃
6197,佳必琪,市
6203,海韻電,櫃
6204,艾華,櫃
6205,詮欣,市
6207,雷科,櫃
6210,慶生,櫃
6213,聯茂,市
6217,中探針,櫃
6220,岳豐,櫃
6224,聚鼎,市
6259,百徽,櫃
6266,泰詠,櫃
6269,台郡,市
6272,驊陞,市
6274,台燿,櫃
6275,元山,櫃
6279,胡連,櫃
6282,康舒,市
6284,佳邦,櫃
6290,良維,櫃
6292,迅德,櫃
6412,群電,市
6418,詠昇,櫃
6432,今展科,櫃
6449,鈺邦,市
6538,倉和,櫃
6584,南俊國際,櫃
6597,立誠,櫃
6642,富致,櫃
6664,群翊,櫃
6672,騰輝電子-KY,市
6715,嘉基,市
6727,亞泰金屬,櫃
6761,穩得,櫃
6781,AES-KY,市
6805,富世達,市
6821,聯寶,櫃
6834,天二科技,市
6835,圓裕,市
6862,三集瑞-KY,市
6913,鴻呈,櫃
6924,榮惠-KY創,市
6967,汎瑋材料,櫃
7744,崴寶,櫃
7788,松川精密,市
7795,長廣,市
8038,長園科,櫃
8039,台虹,市
8042,金山電,櫃
8043,蜜望實,櫃
8046,南電,市
8071,能率網通,櫃
8074,鉅橡,櫃
8093,保銳,櫃
8103,瀚荃,市
8109,博大,櫃
8121,越峰,櫃
8147,正淩,櫃
8155,博智,櫃
8182,加高,櫃
8213,志超,市
8249,菱光,市
8289,泰藝,櫃
8291,尚茂,櫃
8358,金居,櫃
2302,麗正,市
2303,聯電,市
2329,華泰,市
2330,台積電,市
2337,旺宏,市
2338,光罩,市
2340,台亞,市
2342,茂矽,市
2344,華邦電,市
2351,順德,市
2363,矽統,市
2369,菱生,市
2379,瑞昱,市
2388,威盛,市
2401,凌陽,市
2408,南亞科,市
2434,統懋,市
2436,偉詮電,市
2441,超豐,市
2449,京元電子,市
2451,創見,市
2454,聯發科,市
2458,義隆,市
2481,強茂,市
3006,晶豪科,市
3014,聯陽,市
3016,嘉晶,市
3034,聯詠,市
3035,智原,市
3041,揚智,市
3094,聯傑,市
3105,穩懋,櫃
3122,笙泉,櫃
3135,凌航,市
3141,晶宏,櫃
3150,鈺寶-創,市
3169,亞信,櫃
3178,公準,櫃
3189,景碩,市
3227,原相,櫃
3228,金麗科,櫃
3257,虹冠電,市
3259,鑫創,櫃
3260,威剛,櫃
3264,欣銓,櫃
3265,台星科,櫃
3268,海德威,櫃
3317,尼克森,櫃
3372,典範,櫃
3374,精材,櫃
3413,京鼎,市
3438,類比科,櫃
3443,創意,市
3450,聯鈞,市
3467,台灣精材,櫃
3527,聚積,櫃
3529,力旺,櫃
3530,晶相光,市
3532,台勝科,市
3545,敦泰,市
3555,博士旺,櫃
3556,禾瑞亞,櫃
3567,逸昌,櫃
3581,博磊,櫃
3583,辛耘,市
3588,通嘉,市
3592,瑞鼎,市
3661,世芯-KY,市
3675,德微,櫃
3680,家登,櫃
3686,達能,市
3707,漢磊,櫃
3711,日月光投控,市
4749,新應材,櫃
4919,新唐,市
4923,力士,櫃
4951,精拓科,櫃
4952,凌通,市
4961,天鈺,市
4966,譜瑞-KY,櫃
4967,十銓,市
4968,立積,市
4971,IET-KY,櫃
4973,廣穎,櫃
4991,環宇-KY,櫃
5222,全訊,市
5236,凌陽創新,櫃
5269,祥碩,市
5272,笙科,櫃
5274,信驊,櫃
5285,界霖,市
5299,杰力,櫃
5302,太欣,櫃
5344,立衛,櫃
5347,世界,櫃
5351,鈺創,櫃
5425,台半,櫃
5443,均豪,櫃
5468,凱鈺,櫃
5471,松翰,市
5483,中美晶,櫃
5487,通泰,櫃
6103,合邦,櫃
6104,創惟,櫃
6129,普誠,櫃
6138,茂達,櫃
6147,頎邦,櫃
6182,合晶,櫃
6187,萬潤,櫃
6202,盛群,市
6208,日揚,櫃
6223,旺矽,櫃
6229,研通,櫃
6233,旺玖,櫃
6237,驊訊,櫃
6239,力成,市
6243,迅杰,市
6257,矽格,市
6261,久元,櫃
6271,同欣電,市
6291,沛亨,櫃
6411,晶焱,櫃
6415,矽力*-KY,市
6423,億而得,櫃
6435,大中,櫃
6451,訊芯-KY,市
6462,神盾,櫃
6485,點序,櫃
6488,環球晶,櫃
6494,九齊,櫃
6510,精測,櫃
6515,穎崴,市
6525,捷敏-KY,市
6526,達發,市
6531,愛普*,市
6532,瑞耘,櫃
6533,晶心科,市
6548,長科*,櫃
6552,易華電,市
6568,宏觀,櫃
6573,虹揚-KY,市
6640,均華,櫃
6643,M31,櫃
6651,全宇昕,櫃
6679,鈺太,櫃
6683,雍智科技,櫃
6684,安格,櫃
6693,廣閎科,櫃
6695,芯鼎,市
6708,天擎,櫃
6716,應廣,櫃
6719,力智,市
6720,久昌,櫃
6732,昇佳電子,櫃
6756,威鋒電子,市
6770,力積電,市
6788,華景電,櫃
6789,采鈺,市
6799,來頡,市
6823,濾能,櫃
6829,千附精密,櫃
6854,錼創科技-KY創,市
6895,宏碩系統,櫃
6907,雅特力-KY,櫃
6909,創控,市
6921,嘉雨思-創,市
6937,天虹,市
6953,家碩,櫃
6962,奕力-KY,市
6996,力領科技,櫃
7556,意德士,櫃
7704,明遠精密,櫃
7712,博盛半導體,櫃
7730,暉盛-創,市
7734,印能科技,櫃
7749,意騰-KY,市
7751,竑騰,櫃
7769,鴻勁,市
7770,君曜,櫃
7810,捷創科技,櫃
7822,倍利科,市
8016,矽創,市
8024,佑華,櫃
8028,昇陽半導體,市
8040,九暘,櫃
8054,安國,櫃
8081,致新,市
8086,宏捷科,櫃
8088,品安,櫃
8091,翔名,櫃
8102,傑霖科技,櫃
8110,華東,市
8131,福懋科,市
8150,南茂,市
8162,微矽電子-創,市
8227,巨有科技,櫃
8261,富鼎,市
8271,宇瞻,市
8277,商丞,櫃
8299,群聯,櫃
8383,千附,櫃
1569,濱川,櫃
2301,光寶科,市
2305,全友,市
2324,仁寶,市
2331,精英,市
2352,佳世達,市
2353,宏碁,市
2356,英業達,市
2357,華碩,市
2362,藍天,市
2364,倫飛,市
2365,昆盈,市
2376,技嘉,市
2377,微星,市
2380,虹光,市
2382,廣達,市
2387,精元,市
2395,研華,市
2397,友通,市
2399,映泰,市
2405,輔信,市
2417,圓剛,市
2425,承啟,市
2432,倚天酷碁-創,市
2465,麗臺,市
2495,普安,市
3002,歐格,市
3005,神基,市
3013,晟銘電,市
3017,奇鋐,市
3022,威強電,市
3046,建碁,市
3057,喬鼎,市
3060,銘異,市
3071,協禧,櫃
3088,艾訊,櫃
3211,順達,櫃
3213,茂訊,櫃
3231,緯創,市
3272,東碩,櫃
3287,廣寰科,櫃
3323,加百裕,櫃
3325,旭品,櫃
3349,寶德,櫃
3416,融程電,市
3479,安勤,櫃
3483,力致,櫃
3494,誠研,市
3515,華擎,市
3540,曜越,櫃
3577,泓格,櫃
3594,磐儀,櫃
3611,鼎翰,櫃
3625,西勝,櫃
3652,精聯,市
3693,營邦,櫃
3701,大眾控,市
3706,神達,市
3709,鑫聯大投控,櫃
3712,永崴投控,市
4916,事欣科,市
4924,欣厚-KY,櫃
4931,新盛力,櫃
4938,和碩,市
4987,科誠,櫃
5215,科嘉-KY,市
5223,安力-KY,櫃
5258,虹堡,市
5289,宜鼎,櫃
5356,協益,櫃
5386,青雲,櫃
5426,振發,櫃
5438,東友,櫃
5465,富驊,櫃
5474,聰泰,櫃
5490,同亨,櫃
6117,迎廣,市
6121,新普,櫃
6128,上福,市
6150,撼訊,櫃
6160,欣技,櫃
6161,捷波,櫃
6166,凌華,市
6188,廣明,櫃
6206,飛捷,市
6228,全譜,櫃
6230,尼得科超眾,市
6235,華孚,市
6276,安鈦克,櫃
6277,宏正,市
6414,樺漢,市
6441,廣錠,櫃
6570,維田,櫃
6577,勁豐,櫃
6579,研揚,市
6591,動力-KY,市
6669,緯穎,市
6680,鑫創電子,櫃
6831,邁科,市
6922,宸曜,櫃
6928,攸泰科技,市
6933,AMAX-KY,市
7711,永擎,市
8050,廣積,櫃
8076,伍豐,櫃
8114,振樺電,市
8163,達方,市
8210,勤誠,市
8234,新漢,櫃
8410,森田,櫃
9912,偉聯,市
